{
  "loginDetailsData": [
    {
      "applicationNo": 1,
      "applicationDate": "2021-07-26",
      "borrowerPan": "ERSDE2310E",
      "doi": "2021-07-26",
      "contactNo": 8335056321,
      "branch": "Delhi-Daryajung Branch",
      "salesOfficial": "XYZ",
      "channel": "Direct",
      "source": "XYZ",
      "loanProductType": "BSL",
      "loanProduct": "BUSINESS LOAN (UNSECURED)",
      "loanApplicationType": "61112",
      "loanPurpose": "Business",
      "loanAmount": 10,
      "tenure": 10,
      "intrest": 10,
      "remarks": "10",
      "status": 1,
      "applicationStatus": "Login",
      "AssociateDetails": null,
      "CurrentContactDetails": null,
      "PermanentContactDetails": null,
      "OtherAddressesDetails": null,
      "companyDetails": null,
      "id": 1,
      "DSA": null,
      "approvalRemarks": null
    },
    {
      "applicationNo": 1,
      "applicationDate": "2021-07-26",
      "borrowerPan": "CSVPG8541E",
      "doi": "2021-07-26",
      "contactNo": 8336325214,
      "branch": "Delhi-Daryajung Branch",
      "salesOfficial": "XYZ",
      "channel": "Direct",
      "source": "XYZ",
      "loanProductType": "BSL",
      "loanProduct": "BUSINESS LOAN (UNSECURED)",
      "loanApplicationType": "61112",
      "loanPurpose": "Business",
      "loanAmount": 10,
      "tenure": 10,
      "intrest": 10,
      "remarks": "",
      "status": 0,
      "applicationStatus": "Login",
      "AssociateDetails": null,
      "CurrentContactDetails": null,
      "PermanentContactDetails": null,
      "OtherAddressesDetails": null,
      "companyDetails": null,
      "id": 2
    },
    {
      "applicationNo": 1,
      "applicationDate": "2021-07-01",
      "borrowerPan": "CSFPS2142E",
      "doi": "2021-07-27",
      "contactNo": 96695214,
      "branch": "KOLKATTA-WBL ",
      "salesOfficial": "XYZ",
      "channel": "Direct",
      "source": "XYZ",
      "loanProductType": "BSL",
      "loanProduct": "BUSINESS LOAN (UNSECURED)",
      "loanApplicationType": "61112",
      "loanPurpose": "Business",
      "loanAmount": 10,
      "tenure": 12,
      "intrest": 12,
      "remarks": "No",
      "status": 0,
      "applicationStatus": "Login",
      "AssociateDetails": null,
      "CurrentContactDetails": null,
      "PermanentContactDetails": null,
      "OtherAddressesDetails": null,
      "companyDetails": null,
      "id": 3
    },
    {
      "applicationNo": 1,
      "applicationDate": "2021-07-29",
      "borrowerPan": "CSDEW1241E",
      "doi": "2021-07-27",
      "contactNo": 8996362514,
      "branch": [
        "KOLKATTA",
        "WBL ",
        " KOL ",
        " PODDAR KOURT ",
        " RO"
      ],
      "salesOfficial": "XYZ",
      "channel": "Direct",
      "source": "XYZ",
      "loanProductType": "BSL",
      "loanProduct": "BUSINESS LOAN (UNSECURED)",
      "loanApplicationType": "61112",
      "loanPurpose": "Business",
      "loanAmount": 100,
      "tenure": 12,
      "intrest": 12,
      "remarks": "",
      "status": 0,
      "applicationStatus": "Login",
      "AssociateDetails": null,
      "CurrentContactDetails": null,
      "PermanentContactDetails": null,
      "OtherAddressesDetails": null,
      "companyDetails": null,
      "id": 4
    },
    {
      "applicationNo": 4,
      "applicationDate": "2021-07-27",
      "borrowerPan": "CS8963612",
      "doi": "2021-07-27",
      "contactNo": 833632514,
      "branch": "KOLKATTA-WBL - KOL - PODDAR KOURT - RO",
      "salesOfficial": "XYZ",
      "channel": "Direct",
      "source": "XYZ",
      "loanProductType": "BSL",
      "loanProduct": "BUSINESS LOAN (UNSECURED)",
      "loanApplicationType": "61112",
      "loanPurpose": "Business",
      "loanAmount": 100,
      "tenure": 100,
      "intrest": 100,
      "remarks": "100",
      "status": 1,
      "applicationStatus": "Login",
      "AssociateDetails": null,
      "CurrentContactDetails": null,
      "PermanentContactDetails": null,
      "OtherAddressesDetails": null,
      "companyDetails": null,
      "id": 5,
      "DSA": null,
      "approvalRemarks": null
    },
    {
      "applicationNo": 34242,
      "applicationDate": "2021-08-03",
      "borrowerPan": "1223",
      "doi": "2021-08-03",
      "contactNo": 8676876666,
      "branch": "DELHI-PUSA ROAD-HO",
      "salesOfficial": "fdgdf",
      "channel": "DSA",
      "source": "fdgdfgdfg",
      "loanProductType": "BSL",
      "loanProduct": "BUSINESS LOAN (UNSECURED)",
      "loanApplicationType": "61112",
      "loanPurpose": "Personal",
      "loanAmount": 300,
      "tenure": 12,
      "intrest": 12,
      "remarks": "na",
      "status": 1,
      "applicationStatus": "Login",
      "AssociateDetails": null,
      "CurrentContactDetails": null,
      "PermanentContactDetails": null,
      "OtherAddressesDetails": null,
      "companyDetails": null,
      "id": 6,
      "DSA": null,
      "approvalRemarks": null
    },
    {
      "applicationNo": 123456,
      "applicationDate": "2021-09-16",
      "borrowerPan": "ALIPase33",
      "doi": "2021-09-02",
      "contactNo": 6789098765,
      "branch": "DELHI-PUSA ROAD-HO",
      "salesOfficial": "PUSA road",
      "channel": "DSA",
      "source": "na",
      "loanProductType": "BSL",
      "loanProduct": "BUSINESS LOAN (UNSECURED)",
      "loanApplicationType": "61112",
      "loanPurpose": "Personal",
      "loanAmount": 100000,
      "tenure": 12,
      "intrest": 10,
      "remarks": "na",
      "status": 0,
      "applicationStatus": "Login",
      "AssociateDetails": null,
      "CurrentContactDetails": null,
      "PermanentContactDetails": null,
      "OtherAddressesDetails": null,
      "companyDetails": null,
      "id": 7
    }
  ]
}